vendor_name,stock_turnover
ALISA CARR BEVERAGES,0.6153846153846154
HIGHLAND WINE MERCHANTS LLC,0.7083333333333334
PARK STREET IMPORTS LLC,0.7513061650992685
Circa Wines,0.7556758172807745
Dunn Wine Brokers,0.7660221307374232
CENTEUR IMPORTS LLC,0.7739529531705635
SMOKY QUARTZ DISTILLERY LLC,0.7838345864661654
TAMWORTH DISTILLING,0.797077922077922
THE IMPORTED GRAPE LLC,0.8075691642655883
WALPOLE MTN VIEW WINERY,0.820547968078008
